Month,Average_Score,Average_Comments
1,28656.166666666668,726.6666666666666
2,9460.0,541.6
3,19317.4,813.9
4,13309.57142857143,590.5
5,22282.666666666668,1042.3333333333333
6,30181.333333333332,1267.7777777777778
7,8338.142857142857,629.5714285714286
8,12864.142857142857,504.14285714285717
9,15647.666666666666,1047.5555555555557
10,19215.714285714286,546.7142857142857
11,12248.5,841.3
12,27140.428571428572,1074.2857142857142
