Month,Average_Score,Average_Comments
1,28656.5,726.6666666666666
2,9458.0,541.6
3,19316.4,813.9
4,13310.214285714286,590.5
5,22281.777777777777,1042.3333333333333
6,30179.444444444445,1267.7777777777778
7,8339.285714285714,629.5714285714286
8,12864.57142857143,504.14285714285717
9,15648.333333333334,1047.5555555555557
10,19215.428571428572,546.7142857142857
11,12250.2,841.3
12,27138.571428571428,1074.2857142857142
