Year,Average_Score,Average_Comments
2009,556.0,357.0
2011,4236.0,1787.0
2012,1583.0,357.0
2013,1915.5,327.5
2014,8912.153846153846,814.0
2015,13623.714285714286,993.2857142857143
2016,20836.875,1577.125
2017,17506.375,503.5
2018,31589.0,676.2857142857143
2019,48282.5,1192.6666666666667
2020,29540.75,588.0
2021,28953.4,653.6
2022,19041.466666666667,759.1333333333333
2023,10679.5,764.3
2024,10900.1,685.8
