Year,Average_Score,Average_Comments
2009,559.0,357.0
2011,4237.0,1787.0
2012,1590.0,357.0
2013,1917.5,327.5
2014,8911.76923076923,814.0
2015,13625.857142857143,993.2857142857143
2016,20836.625,1577.125
2017,17504.75,503.5
2018,31589.714285714286,676.2857142857143
2019,48279.0,1192.6666666666667
2020,29541.0,588.0
2021,28951.8,653.6
2022,19040.8,759.1333333333333
2023,10680.0,764.3
2024,10898.6,685.8
