Year,Average_Score,Average_Comments
2009,555.0,357.0
2011,4234.0,1787.0
2012,1591.0,357.0
2013,1916.25,327.5
2014,8913.538461538461,814.0
2015,13624.857142857143,993.2857142857143
2016,20836.625,1577.125
2017,17505.25,503.5
2018,31591.571428571428,676.2857142857143
2019,48277.333333333336,1192.6666666666667
2020,29543.75,588.0
2021,28954.0,653.6
2022,19039.533333333333,759.1333333333333
2023,10680.3,764.3
2024,10899.5,685.8
