Year,Average_Score,Average_Comments
2009,555.0,357.0
2011,4234.0,1787.0
2012,1590.0,357.0
2013,1918.75,327.5
2014,8912.461538461539,814.0
2015,13622.857142857143,993.2857142857143
2016,20836.75,1577.125
2017,17503.375,503.5
2018,31587.85714285714,676.2857142857143
2019,48275.0,1192.6666666666667
2020,29540.5,588.0
2021,28952.8,653.6
2022,19041.4,759.1333333333333
2023,10679.0,764.3
2024,10899.6,685.8
