Year,Average_Score,Average_Comments
2009,552.0,357.0
2011,4233.0,1787.0
2012,1584.0,357.0
2013,1919.5,327.5
2014,8913.153846153846,814.0
2015,13626.0,993.2857142857143
2016,20835.75,1577.125
2017,17505.375,503.5
2018,31589.285714285714,676.2857142857143
2019,48277.0,1192.6666666666667
2020,29542.25,588.0
2021,28953.8,653.6
2022,19041.333333333332,759.1333333333333
2023,10680.4,764.3
2024,10899.0,685.8
