Year,Average_Score,Average_Comments
2009,557.0,357.0
2011,4237.0,1787.0
2012,1591.0,357.0
2013,1913.5,327.5
2014,8913.0,814.0
2015,13621.42857142857,993.2857142857143
2016,20836.875,1577.125
2017,17505.25,503.5
2018,31589.0,676.2857142857143
2019,48281.166666666664,1192.6666666666667
2020,29544.5,588.0
2021,28955.0,653.6
2022,19041.133333333335,759.1333333333333
2023,10680.7,764.3
2024,10897.4,685.8
